[  {    "name": "business_id",    "type": "STRING",    "mode": "NULLABLE"  },  {    "name": "name",    "type": "STRING",    "mode": "NULLABLE"  },  {    "name": "address",    "type": "STRING",    "mode": "NULLABLE"  },  {    "name": "city",    "type": "STRING",    "mode": "NULLABLE"  },  {    "name": "state",    "type": "STRING",    "mode": "NULLABLE"  },  {    "name": "postal_code",    "type": "STRING",    "mode": "NULLABLE"  },  {    "name": "latitude",    "type": "FLOAT",    "mode": "NULLABLE"  },  {    "name": "longitude",    "type": "FLOAT",    "mode": "NULLABLE"  },  {    "name": "stars",    "type": "FLOAT",    "mode": "NULLABLE"  },  {    "name": "review_count",    "type": "INTEGER",    "mode": "NULLABLE"  },  {    "name": "is_open",    "type": "INTEGER",    "mode": "NULLABLE"  },  {    "name": "categories",    "type": "STRING",    "mode": "NULLABLE"  }]