[{"name": "review_id", "type": "STRING", "mode": "NULLABLE"},{"name": "user_id", "type": "STRING", "mode": "NULLABLE"}, {"name": "business_id", "type": "STRING", "mode": "NULLABLE"}, {"name": "stars", "type": "INTEGER", "mode": "NULLABLE"}, {"name": "cool", "type": "INTEGER", "mode": "NULLABLE"}, {"name": "date", "type": "TIMESTAMP", "mode": "NULLABLE"}, {"name": "funny", "type": "INTEGER", "mode": "NULLABLE"}, {"name": "useful", "type": "INTEGER", "mode": "NULLABLE"}, {"name": "text", "type": "STRING", "mode": "NULLABLE"}]