[{"name": "user_id", "type": "STRING", "mode": "NULLABLE"}, {"name": "name", "type": "STRING", "mode": "NULLABLE"}, {"name": "review_count", "type": "INTEGER", "mode": "NULLABLE"}, {"name": "yelping_since", "type": "TIMESTAMP", "mode": "NULLABLE"}, {"name": "useful", "type": "INTEGER", "mode": "NULLABLE"}, {"name": "funny", "type": "INTEGER", "mode": "NULLABLE"}, {"name": "cool", "type": "INTEGER", "mode": "NULLABLE"}, {"name": "fans", "type": "INTEGER", "mode": "NULLABLE"}, {"name": "average_stars", "type": "FLOAT", "mode": "NULLABLE"}]
